{"cameraMode":{"drawMode":0,"name":"Shaded","section":"Shading Mode"},"sceneLighting":false,"audioPlay":false,"sceneViewState":{"showFog":true,"showMaterialUpdate":false,"showSkybox":true,"showFlares":true,"showImageEffects":true,"showParticleSystems":true},"in2DMode":false,"pivot":{"x":0.4823743999004364,"y":0.5831170678138733,"z":-0.0642736479640007},"rotation":{"x":-0.14847084879875184,"y":0.7886934876441956,"z":-0.20965002477169038,"w":-0.5585428476333618},"size":0.7418941855430603,"orthographic":false}